"Timestamp","RuleTitle","Level","Computer","Channel","EventID","RecordID","Details","ExtraFieldInfo","RuleID"
"2026-09-04 02:14:11.992 +05:30","User Added To Local Admin Grp","high","DESKTOP-K3ALL77","Sec",4732,239,"SrcSID: S-1-5-21-859847384-699219563-2241857789-1000 ¦ TgtGrp: Administrators ¦ LID: 0x3e7","MemberName: - ¦ PrivilegeList: - ¦ SubjectDomainName: WORKGROUP ¦ SubjectUserName: WIN-CPGOV99NT8H$ ¦ SubjectUserSid: S-1-5-18 ¦ TargetDomainName: Builtin ¦ TargetSid: S-1-5-32-544","611e2e76-a28f-4255-812c-eb8836b2f5bb"
"2026-09-03 13:54:56.036 +05:30","User Added To Local Admin Grp","high","DESKTOP-K3ALL77","Sec",4732,572,"SrcSID: S-1-5-21-859847384-699219563-2241857789-1001 ¦ TgtGrp: Administrators ¦ LID: 0x3e7","MemberName: - ¦ PrivilegeList: - ¦ SubjectDomainName: WORKGROUP ¦ SubjectUserName: WIN-CPGOV99NT8H$ ¦ SubjectUserSid: S-1-5-18 ¦ TargetDomainName: Builtin ¦ TargetSid: S-1-5-32-544","611e2e76-a28f-4255-812c-eb8836b2f5bb"
"2026-09-04 02:09:22.864 +05:30","Local User Account Created","low","WIN-CPGOV99NT8H","Sec",4720,43,"TgtUser: WDAGUtilityAccount ¦ TgtSID: S-1-5-21-859847384-699219563-2241857789-504","AccountExpires: <never> ¦ AllowedToDelegateTo: - ¦ DisplayName: <value not set> ¦ HomeDirectory: <value not set> ¦ HomePath: <value not set> ¦ LogonHours: All ¦ NewUacValue: 0x15 ¦ OldUacValue: 0x0 ¦ PasswordLastSet: <never> ¦ PrimaryGroupId: 513 ¦ PrivilegeList: - ¦ ProfilePath: <value not set> ¦ ScriptPath: <value not set> ¦ SidHistory: - ¦ SubjectDomainName: ¦ SubjectLogonId: 0x3e7 ¦ SubjectUserName: MINWINPC$ ¦ SubjectUserSid: S-1-5-18 ¦ TargetDomainName: MINWINPC ¦ UserAccountControl: AccountDisabled PasswordNotRequired-Enabled NormalAccount-Enabled ¦ UserParameters: <value not set> ¦ UserPrincipalName: - ¦ UserWorkstations: <value not set>","13edce80-2b02-4469-8de4-a3e37271dcdb"
"2026-09-04 02:14:11.708 +05:30","Local User Account Created","low","DESKTOP-K3ALL77","Sec",4720,229,"TgtUser: defaultuser0 ¦ TgtSID: S-1-5-21-859847384-699219563-2241857789-1000","AccountExpires: <never> ¦ AllowedToDelegateTo: - ¦ DisplayName: <value not set> ¦ HomeDirectory: <value not set> ¦ HomePath: <value not set> ¦ LogonHours: All ¦ NewUacValue: 0x15 ¦ OldUacValue: 0x0 ¦ PasswordLastSet: <never> ¦ PrimaryGroupId: 513 ¦ PrivilegeList: - ¦ ProfilePath: <value not set> ¦ ScriptPath: <value not set> ¦ SidHistory: - ¦ SubjectDomainName: WORKGROUP ¦ SubjectLogonId: 0x3e7 ¦ SubjectUserName: WIN-CPGOV99NT8H$ ¦ SubjectUserSid: S-1-5-18 ¦ TargetDomainName: DESKTOP-K3ALL77 ¦ UserAccountControl: AccountDisabled PasswordNotRequired-Enabled NormalAccount-Enabled ¦ UserParameters: <value not set> ¦ UserPrincipalName: - ¦ UserWorkstations: <value not set>","13edce80-2b02-4469-8de4-a3e37271dcdb"
"2026-09-03 13:54:55.976 +05:30","Local User Account Created","low","DESKTOP-K3ALL77","Sec",4720,562,"TgtUser: Hayabusa ¦ TgtSID: S-1-5-21-859847384-699219563-2241857789-1001","AccountExpires: <never> ¦ AllowedToDelegateTo: - ¦ DisplayName: <value not set> ¦ HomeDirectory: <value not set> ¦ HomePath: <value not set> ¦ LogonHours: All ¦ NewUacValue: 0x15 ¦ OldUacValue: 0x0 ¦ PasswordLastSet: <never> ¦ PrimaryGroupId: 513 ¦ PrivilegeList: - ¦ ProfilePath: <value not set> ¦ ScriptPath: <value not set> ¦ SidHistory: - ¦ SubjectDomainName: WORKGROUP ¦ SubjectLogonId: 0x3e7 ¦ SubjectUserName: WIN-CPGOV99NT8H$ ¦ SubjectUserSid: S-1-5-18 ¦ TargetDomainName: DESKTOP-K3ALL77 ¦ UserAccountControl: AccountDisabled PasswordNotRequired-Enabled NormalAccount-Enabled ¦ UserParameters: <value not set> ¦ UserPrincipalName: - ¦ UserWorkstations: <value not set>","13edce80-2b02-4469-8de4-a3e37271dcdb"
"2026-09-04 02:14:11.855 +05:30","Password Reset By Admin","med","DESKTOP-K3ALL77","Sec",4724,234,"SubjectDomainName: WORKGROUP ¦ SubjectLogonId: 0x3e7 ¦ SubjectUserName: WIN-CPGOV99NT8H$ ¦ SubjectUserSid: S-1-5-18 ¦ TargetDomainName: DESKTOP-K3ALL77 ¦ TargetSid: S-1-5-21-859847384-699219563-2241857789-1000 ¦ TargetUserName: defaultuser0","-","0b78aca4-35f0-4bec-acce-c5743ff26614"
"2026-09-04 02:14:11.926 +05:30","Password Reset By Admin","med","DESKTOP-K3ALL77","Sec",4724,236,"SubjectDomainName: WORKGROUP ¦ SubjectLogonId: 0x3e7 ¦ SubjectUserName: WIN-CPGOV99NT8H$ ¦ SubjectUserSid: S-1-5-18 ¦ TargetDomainName: DESKTOP-K3ALL77 ¦ TargetSid: S-1-5-21-859847384-699219563-2241857789-1000 ¦ TargetUserName: defaultuser0","-","0b78aca4-35f0-4bec-acce-c5743ff26614"
"2026-09-03 13:54:56.002 +05:30","Password Reset By Admin","med","DESKTOP-K3ALL77","Sec",4724,567,"SubjectDomainName: WORKGROUP ¦ SubjectLogonId: 0x3e7 ¦ SubjectUserName: WIN-CPGOV99NT8H$ ¦ SubjectUserSid: S-1-5-18 ¦ TargetDomainName: DESKTOP-K3ALL77 ¦ TargetSid: S-1-5-21-859847384-699219563-2241857789-1001 ¦ TargetUserName: Hayabusa","-","0b78aca4-35f0-4bec-acce-c5743ff26614"
"2026-09-03 13:54:56.030 +05:30","Password Reset By Admin","med","DESKTOP-K3ALL77","Sec",4724,569,"SubjectDomainName: WORKGROUP ¦ SubjectLogonId: 0x3e7 ¦ SubjectUserName: WIN-CPGOV99NT8H$ ¦ SubjectUserSid: S-1-5-18 ¦ TargetDomainName: DESKTOP-K3ALL77 ¦ TargetSid: S-1-5-21-859847384-699219563-2241857789-1001 ¦ TargetUserName: Hayabusa","-","0b78aca4-35f0-4bec-acce-c5743ff26614"
"2026-09-03 13:45:50.843 +05:30","Credential Manager Accessed","low","DESKTOP-K3ALL77","Sec",5379,515,"PID: 1352 ¦ SrcUser: defaultuser0 ¦ Tgt: MicrosoftAccount:user=02roltmquexjqsjr ¦ CredsReturned: 1 ¦ ReturnCode: 3221226021 ¦ LID: 0x3f3f4 ¦ SrcSID: S-1-5-21-859847384-699219563-2241857789-1000","ProcessCreationTime: 2026-09-03T20:44:11.307457Z ¦ ReadOperation: %%8099 ¦ SubjectDomainName: DESKTOP-K3ALL77","d478c070-8f84-4e65-9f45-cc432a000e93"
"2026-09-03 13:57:00.356 +05:30","Credential Manager Accessed","low","DESKTOP-K3ALL77","Sec",5379,674,"PID: 5156 ¦ SrcUser: Hayabusa ¦ Tgt: MicrosoftAccount:user=02nxvadkooionldq ¦ CredsReturned: 1 ¦ ReturnCode: 3221226021 ¦ LID: 0x1f4410 ¦ SrcSID: S-1-5-21-859847384-699219563-2241857789-1001","ProcessCreationTime: 2026-09-03T08:26:28.657105Z ¦ ReadOperation: %%8099 ¦ SubjectDomainName: DESKTOP-K3ALL77","d478c070-8f84-4e65-9f45-cc432a000e93"
"2026-09-03 14:00:46.187 +05:30","Credential Manager Accessed","low","DESKTOP-K3ALL77","Sec",5379,758,"PID: 1784 ¦ SrcUser: Hayabusa ¦ Tgt: SkyDrive Cached Credential ¦ CredsReturned: 1 ¦ ReturnCode: 3221226021 ¦ LID: 0x1f4410 ¦ SrcSID: S-1-5-21-859847384-699219563-2241857789-1001","ProcessCreationTime: 2026-09-03T08:30:35.469483Z ¦ ReadOperation: %%8099 ¦ SubjectDomainName: DESKTOP-K3ALL77","d478c070-8f84-4e65-9f45-cc432a000e93"
"2026-09-03 14:00:46.188 +05:30","Credential Manager Accessed","low","DESKTOP-K3ALL77","Sec",5379,759,"PID: 1784 ¦ SrcUser: Hayabusa ¦ Tgt: SkyDrive-INT Cached Credential ¦ CredsReturned: 1 ¦ ReturnCode: 3221226021 ¦ LID: 0x1f4410 ¦ SrcSID: S-1-5-21-859847384-699219563-2241857789-1001","ProcessCreationTime: 2026-09-03T08:30:35.469483Z ¦ ReadOperation: %%8099 ¦ SubjectDomainName: DESKTOP-K3ALL77","d478c070-8f84-4e65-9f45-cc432a000e93"
"2026-09-03 13:56:30.394 +05:30","Credential Manager Enumerated","low","DESKTOP-K3ALL77","Sec",5379,615,"PID: 5156 ¦ SrcUser: defaultuser0 ¦ Tgt: WindowsLive:target=virtualapp/didlogical ¦ CredsReturned: 1 ¦ ReturnCode: 0 ¦ LID: 0x3f3f4 ¦ SrcSID: S-1-5-21-859847384-699219563-2241857789-1000","ProcessCreationTime: 2026-09-03T08:26:28.657105Z ¦ ReadOperation: %%8100 ¦ SubjectDomainName: DESKTOP-K3ALL77","d8e3afc5-fa0a-4063-a4af-55e014eb1936"
"2026-09-03 14:07:34.118 +05:30","Credential Manager Enumerated","low","DESKTOP-K3ALL77","Sec",5379,790,"PID: 6656 ¦ SrcUser: Hayabusa ¦ Tgt: WindowsLive:target=virtualapp/didlogical ¦ CredsReturned: 1 ¦ ReturnCode: 0 ¦ LID: 0x1f4410 ¦ SrcSID: S-1-5-21-859847384-699219563-2241857789-1001","ProcessCreationTime: 2026-09-03T08:37:33.944998Z ¦ ReadOperation: %%8100 ¦ SubjectDomainName: DESKTOP-K3ALL77","d8e3afc5-fa0a-4063-a4af-55e014eb1936"
"2026-09-03 14:13:22.711 +05:30","Credential Manager Enumerated","low","DESKTOP-K3ALL77","Sec",5379,815,"PID: 7452 ¦ SrcUser: Hayabusa ¦ Tgt: WindowsLive:target=virtualapp/didlogical ¦ CredsReturned: 1 ¦ ReturnCode: 0 ¦ LID: 0x1f4410 ¦ SrcSID: S-1-5-21-859847384-699219563-2241857789-1001","ProcessCreationTime: 2026-09-03T08:43:22.569337Z ¦ ReadOperation: %%8100 ¦ SubjectDomainName: DESKTOP-K3ALL77","d8e3afc5-fa0a-4063-a4af-55e014eb1936"
"2026-09-03 14:59:26.902 +05:30","Credential Manager Enumerated","low","DESKTOP-K3ALL77","Sec",5379,867,"PID: 4600 ¦ SrcUser: Hayabusa ¦ Tgt: WindowsLive:target=virtualapp/didlogical ¦ CredsReturned: 1 ¦ ReturnCode: 0 ¦ LID: 0x1f4410 ¦ SrcSID: S-1-5-21-859847384-699219563-2241857789-1001","ProcessCreationTime: 2026-09-03T09:29:26.572711Z ¦ ReadOperation: %%8100 ¦ SubjectDomainName: DESKTOP-K3ALL77","d8e3afc5-fa0a-4063-a4af-55e014eb1936"
"2026-09-03 15:41:28.902 +05:30","Credential Manager Enumerated","low","DESKTOP-K3ALL77","Sec",5379,892,"PID: 7636 ¦ SrcUser: Hayabusa ¦ Tgt: WindowsLive:target=virtualapp/didlogical ¦ CredsReturned: 1 ¦ ReturnCode: 0 ¦ LID: 0x1f4410 ¦ SrcSID: S-1-5-21-859847384-699219563-2241857789-1001","ProcessCreationTime: 2026-09-03T10:11:27.776189Z ¦ ReadOperation: %%8100 ¦ SubjectDomainName: DESKTOP-K3ALL77","d8e3afc5-fa0a-4063-a4af-55e014eb1936"
"2026-09-03 15:56:58.779 +05:30","Credential Manager Enumerated","low","DESKTOP-K3ALL77","Sec",5379,906,"PID: 428 ¦ SrcUser: Hayabusa ¦ Tgt: WindowsLive:target=virtualapp/didlogical ¦ CredsReturned: 1 ¦ ReturnCode: 0 ¦ LID: 0x1f4410 ¦ SrcSID: S-1-5-21-859847384-699219563-2241857789-1001","ProcessCreationTime: 2026-09-03T10:26:58.603915Z ¦ ReadOperation: %%8100 ¦ SubjectDomainName: DESKTOP-K3ALL77","d8e3afc5-fa0a-4063-a4af-55e014eb1936"
"2026-09-03 17:16:25.289 +05:30","Credential Manager Enumerated","low","DESKTOP-K3ALL77","Sec",5379,967,"PID: 4992 ¦ SrcUser: Hayabusa ¦ Tgt: WindowsLive:target=virtualapp/didlogical ¦ CredsReturned: 1 ¦ ReturnCode: 0 ¦ LID: 0x1f4410 ¦ SrcSID: S-1-5-21-859847384-699219563-2241857789-1001","ProcessCreationTime: 2026-09-03T11:46:25.127444Z ¦ ReadOperation: %%8100 ¦ SubjectDomainName: DESKTOP-K3ALL77","d8e3afc5-fa0a-4063-a4af-55e014eb1936"
"2026-09-03 17:43:24.685 +05:30","Credential Manager Enumerated","low","DESKTOP-K3ALL77","Sec",5379,996,"PID: 552 ¦ SrcUser: Hayabusa ¦ Tgt: WindowsLive:target=virtualapp/didlogical ¦ CredsReturned: 1 ¦ ReturnCode: 0 ¦ LID: 0x1f4410 ¦ SrcSID: S-1-5-21-859847384-699219563-2241857789-1001","ProcessCreationTime: 2026-09-03T12:13:24.468150Z ¦ ReadOperation: %%8100 ¦ SubjectDomainName: DESKTOP-K3ALL77","d8e3afc5-fa0a-4063-a4af-55e014eb1936"
"2026-09-04 02:09:10.422 +05:30","Proc Exec","info","WIN-CPGOV99NT8H","Sec",4688,1,"Cmdline: ¦ Proc: Registry ¦ PID: 92 ¦ User: - ¦ LID: 0x3e7","MandatoryLabel: SYSTEM_INTEGRITY ¦ ProcessId: 4 ¦ SubjectUserSid: S-1-5-18 ¦ TargetLogonId: 0x0 ¦ TargetUserSid: S-1-0-0 ¦ TokenElevationType: FULL_TOKEN","ac933178-c222-430d-8dcf-17b4f3a2fed8"
"2026-09-04 02:09:10.444 +05:30","Proc Exec","info","WIN-CPGOV99NT8H","Sec",4688,4,"Cmdline: ¦ Proc: C:\Windows\System32\smss.exe ¦ PID: 328 ¦ User: - ¦ LID: 0x3e7","MandatoryLabel: SYSTEM_INTEGRITY ¦ ProcessId: 4 ¦ SubjectUserSid: S-1-5-18 ¦ TargetLogonId: 0x0 ¦ TargetUserSid: S-1-0-0 ¦ TokenElevationType: FULL_TOKEN","ac933178-c222-430d-8dcf-17b4f3a2fed8"
"2026-09-04 02:09:12.882 +05:30","Proc Exec","info","WIN-CPGOV99NT8H","Sec",4688,5,"Cmdline: ¦ Proc: C:\Windows\System32\autochk.exe ¦ PID: 348 ¦ User: - ¦ LID: 0x3e7","MandatoryLabel: SYSTEM_INTEGRITY ¦ ParentProcessName: C:\Windows\System32\smss.exe ¦ ProcessId: 328 ¦ SubjectUserSid: S-1-5-18 ¦ TargetLogonId: 0x0 ¦ TargetUserSid: S-1-0-0 ¦ TokenElevationType: FULL_TOKEN","ac933178-c222-430d-8dcf-17b4f3a2fed8"
"2026-09-04 02:09:16.686 +05:30","Proc Exec","info","WIN-CPGOV99NT8H","Sec",4688,6,"Cmdline: ¦ Proc: C:\Windows\System32\setupcl.exe ¦ PID: 404 ¦ User: - ¦ LID: 0x3e7","MandatoryLabel: SYSTEM_INTEGRITY ¦ ParentProcessName: C:\Windows\System32\smss.exe ¦ ProcessId: 328 ¦ SubjectUserSid: S-1-5-18 ¦ TargetLogonId: 0x0 ¦ TargetUserSid: S-1-0-0 ¦ TokenElevationType: FULL_TOKEN","ac933178-c222-430d-8dcf-17b4f3a2fed8"
"2026-09-04 02:09:19.369 +05:30","Proc Exec","info","WIN-CPGOV99NT8H","Sec",4688,7,"Cmdline: ¦ Proc: C:\Windows\System32\smss.exe ¦ PID: 428 ¦ User: - ¦ LID: 0x3e7","MandatoryLabel: SYSTEM_INTEGRITY ¦ ProcessId: 328 ¦ SubjectUserSid: S-1-5-18 ¦ TargetLogonId: 0x0 ¦ TargetUserSid: S-1-0-0 ¦ TokenElevationType: FULL_TOKEN","ac933178-c222-430d-8dcf-17b4f3a2fed8"
"2026-09-04 02:09:19.493 +05:30","Proc Exec","info","WIN-CPGOV99NT8H","Sec",4688,8,"Cmdline: ¦ Proc: C:\Windows\System32\csrss.exe ¦ PID: 436 ¦ User: - ¦ LID: 0x3e7","MandatoryLabel: SYSTEM_INTEGRITY ¦ ParentProcessName: C:\Windows\System32\smss.exe ¦ ProcessId: 428 ¦ SubjectUserSid: S-1-5-18 ¦ TargetLogonId: 0x0 ¦ TargetUserSid: S-1-0-0 ¦ TokenElevationType: FULL_TOKEN","ac933178-c222-430d-8dcf-17b4f3a2fed8"
"2026-09-04 02:09:20.171 +05:30","Proc Exec","info","WIN-CPGOV99NT8H","Sec",4688,9,"Cmdline: ¦ Proc: C:\Windows\System32\smss.exe ¦ PID: 496 ¦ User: - ¦ LID: 0x3e7","MandatoryLabel: SYSTEM_INTEGRITY ¦ ProcessId: 328 ¦ SubjectUserSid: S-1-5-18 ¦ TargetLogonId: 0x0 ¦ TargetUserSid: S-1-0-0 ¦ TokenElevationType: FULL_TOKEN","ac933178-c222-430d-8dcf-17b4f3a2fed8"
"2026-09-04 02:09:20.193 +05:30","Proc Exec","info","WIN-CPGOV99NT8H","Sec",4688,10,"Cmdline: ¦ Proc: C:\Windows\System32\wininit.exe ¦ PID: 504 ¦ User: - ¦ LID: 0x3e7","MandatoryLabel: SYSTEM_INTEGRITY ¦ ParentProcessName: C:\Windows\System32\smss.exe ¦ ProcessId: 428 ¦ SubjectUserSid: S-1-5-18 ¦ TargetLogonId: 0x0 ¦ TargetUserSid: S-1-0-0 ¦ TokenElevationType: FULL_TOKEN","ac933178-c222-430d-8dcf-17b4f3a2fed8"
"2026-09-04 02:09:20.199 +05:30","Proc Exec","info","WIN-CPGOV99NT8H","Sec",4688,11,"Cmdline: ¦ Proc: C:\Windows\System32\csrss.exe ¦ PID: 512 ¦ User: - ¦ LID: 0x3e7","MandatoryLabel: SYSTEM_INTEGRITY ¦ ParentProcessName: C:\Windows\System32\smss.exe ¦ ProcessId: 496 ¦ SubjectUserSid: S-1-5-18 ¦ TargetLogonId: 0x0 ¦ TargetUserSid: S-1-0-0 ¦ TokenElevationType: FULL_TOKEN","ac933178-c222-430d-8dcf-17b4f3a2fed8"
"2026-09-04 02:09:20.397 +05:30","Proc Exec","info","WIN-CPGOV99NT8H","Sec",4688,12,"Cmdline: ¦ Proc: C:\Windows\System32\winlogon.exe ¦ PID: 600 ¦ User: - ¦ LID: 0x3e7","MandatoryLabel: SYSTEM_INTEGRITY ¦ ParentProcessName: C:\Windows\System32\smss.exe ¦ ProcessId: 496 ¦ SubjectUserSid: S-1-5-18 ¦ TargetLogonId: 0x0 ¦ TargetUserSid: S-1-0-0 ¦ TokenElevationType: FULL_TOKEN","ac933178-c222-430d-8dcf-17b4f3a2fed8"
"2026-09-04 02:09:20.597 +05:30","Proc Exec","info","WIN-CPGOV99NT8H","Sec",4688,13,"Cmdline: ¦ Proc: C:\Windows\System32\services.exe ¦ PID: 640 ¦ User: - ¦ LID: 0x3e7","MandatoryLabel: SYSTEM_INTEGRITY ¦ ParentProcessName: C:\Windows\System32\wininit.exe ¦ ProcessId: 504 ¦ SubjectUserSid: S-1-5-18 ¦ TargetLogonId: 0x0 ¦ TargetUserSid: S-1-0-0 ¦ TokenElevationType: FULL_TOKEN","ac933178-c222-430d-8dcf-17b4f3a2fed8"
"2026-09-04 02:09:20.757 +05:30","Proc Exec","info","WIN-CPGOV99NT8H","Sec",4688,14,"Cmdline: ¦ Proc: C:\Windows\System32\lsass.exe ¦ PID: 656 ¦ User: - ¦ LID: 0x3e7","MandatoryLabel: SYSTEM_INTEGRITY ¦ ParentProcessName: C:\Windows\System32\wininit.exe ¦ ProcessId: 504 ¦ SubjectUserSid: S-1-5-18 ¦ TargetLogonId: 0x0 ¦ TargetUserSid: S-1-0-0 ¦ TokenElevationType: FULL_TOKEN","ac933178-c222-430d-8dcf-17b4f3a2fed8"
"2026-09-04 02:13:59.407 +05:30","Proc Exec","info","DESKTOP-K3ALL77","Sec",4688,187,"Cmdline: ¦ Proc: Registry ¦ PID: 92 ¦ User: - ¦ LID: 0x3e7","MandatoryLabel: SYSTEM_INTEGRITY ¦ ProcessId: 4 ¦ SubjectUserSid: S-1-5-18 ¦ TargetLogonId: 0x0 ¦ TargetUserSid: S-1-0-0 ¦ TokenElevationType: FULL_TOKEN","ac933178-c222-430d-8dcf-17b4f3a2fed8"
"2026-09-04 02:13:59.420 +05:30","Proc Exec","info","DESKTOP-K3ALL77","Sec",4688,190,"Cmdline: ¦ Proc: C:\Windows\System32\smss.exe ¦ PID: 328 ¦ User: - ¦ LID: 0x3e7","MandatoryLabel: SYSTEM_INTEGRITY ¦ ProcessId: 4 ¦ SubjectUserSid: S-1-5-18 ¦ TargetLogonId: 0x0 ¦ TargetUserSid: S-1-0-0 ¦ TokenElevationType: FULL_TOKEN","ac933178-c222-430d-8dcf-17b4f3a2fed8"
"2026-09-04 02:14:00.615 +05:30","Proc Exec","info","DESKTOP-K3ALL77","Sec",4688,191,"Cmdline: ¦ Proc: C:\Windows\System32\autochk.exe ¦ PID: 352 ¦ User: - ¦ LID: 0x3e7","MandatoryLabel: SYSTEM_INTEGRITY ¦ ParentProcessName: C:\Windows\System32\smss.exe ¦ ProcessId: 328 ¦ SubjectUserSid: S-1-5-18 ¦ TargetLogonId: 0x0 ¦ TargetUserSid: S-1-0-0 ¦ TokenElevationType: FULL_TOKEN","ac933178-c222-430d-8dcf-17b4f3a2fed8"
"2026-09-04 02:14:01.552 +05:30","Proc Exec","info","DESKTOP-K3ALL77","Sec",4688,192,"Cmdline: ¦ Proc: C:\Windows\System32\smss.exe ¦ PID: 408 ¦ User: - ¦ LID: 0x3e7","MandatoryLabel: SYSTEM_INTEGRITY ¦ ProcessId: 328 ¦ SubjectUserSid: S-1-5-18 ¦ TargetLogonId: 0x0 ¦ TargetUserSid: S-1-0-0 ¦ TokenElevationType: FULL_TOKEN","ac933178-c222-430d-8dcf-17b4f3a2fed8"
"2026-09-04 02:14:01.682 +05:30","Proc Exec","info","DESKTOP-K3ALL77","Sec",4688,193,"Cmdline: ¦ Proc: C:\Windows\System32\csrss.exe ¦ PID: 424 ¦ User: - ¦ LID: 0x3e7","MandatoryLabel: SYSTEM_INTEGRITY ¦ ParentProcessName: C:\Windows\System32\smss.exe ¦ ProcessId: 408 ¦ SubjectUserSid: S-1-5-18 ¦ TargetLogonId: 0x0 ¦ TargetUserSid: S-1-0-0 ¦ TokenElevationType: FULL_TOKEN","ac933178-c222-430d-8dcf-17b4f3a2fed8"
"2026-09-04 02:14:02.040 +05:30","Proc Exec","info","DESKTOP-K3ALL77","Sec",4688,194,"Cmdline: ¦ Proc: C:\Windows\System32\smss.exe ¦ PID: 492 ¦ User: - ¦ LID: 0x3e7","MandatoryLabel: SYSTEM_INTEGRITY ¦ ProcessId: 328 ¦ SubjectUserSid: S-1-5-18 ¦ TargetLogonId: 0x0 ¦ TargetUserSid: S-1-0-0 ¦ TokenElevationType: FULL_TOKEN","ac933178-c222-430d-8dcf-17b4f3a2fed8"
"2026-09-04 02:14:02.056 +05:30","Proc Exec","info","DESKTOP-K3ALL77","Sec",4688,195,"Cmdline: ¦ Proc: C:\Windows\System32\csrss.exe ¦ PID: 500 ¦ User: - ¦ LID: 0x3e7","MandatoryLabel: SYSTEM_INTEGRITY ¦ ParentProcessName: C:\Windows\System32\smss.exe ¦ ProcessId: 492 ¦ SubjectUserSid: S-1-5-18 ¦ TargetLogonId: 0x0 ¦ TargetUserSid: S-1-0-0 ¦ TokenElevationType: FULL_TOKEN","ac933178-c222-430d-8dcf-17b4f3a2fed8"
"2026-09-04 02:14:02.077 +05:30","Proc Exec","info","DESKTOP-K3ALL77","Sec",4688,196,"Cmdline: ¦ Proc: C:\Windows\System32\wininit.exe ¦ PID: 516 ¦ User: - ¦ LID: 0x3e7","MandatoryLabel: SYSTEM_INTEGRITY ¦ ParentProcessName: C:\Windows\System32\smss.exe ¦ ProcessId: 408 ¦ SubjectUserSid: S-1-5-18 ¦ TargetLogonId: 0x0 ¦ TargetUserSid: S-1-0-0 ¦ TokenElevationType: FULL_TOKEN","ac933178-c222-430d-8dcf-17b4f3a2fed8"
"2026-09-04 02:14:02.158 +05:30","Proc Exec","info","DESKTOP-K3ALL77","Sec",4688,197,"Cmdline: ¦ Proc: C:\Windows\System32\winlogon.exe ¦ PID: 568 ¦ User: - ¦ LID: 0x3e7","MandatoryLabel: SYSTEM_INTEGRITY ¦ ParentProcessName: C:\Windows\System32\smss.exe ¦ ProcessId: 492 ¦ SubjectUserSid: S-1-5-18 ¦ TargetLogonId: 0x0 ¦ TargetUserSid: S-1-0-0 ¦ TokenElevationType: FULL_TOKEN","ac933178-c222-430d-8dcf-17b4f3a2fed8"
"2026-09-04 02:14:02.366 +05:30","Proc Exec","info","DESKTOP-K3ALL77","Sec",4688,198,"Cmdline: ¦ Proc: C:\Windows\System32\services.exe ¦ PID: 640 ¦ User: - ¦ LID: 0x3e7","MandatoryLabel: SYSTEM_INTEGRITY ¦ ParentProcessName: C:\Windows\System32\wininit.exe ¦ ProcessId: 516 ¦ SubjectUserSid: S-1-5-18 ¦ TargetLogonId: 0x0 ¦ TargetUserSid: S-1-0-0 ¦ TokenElevationType: FULL_TOKEN","ac933178-c222-430d-8dcf-17b4f3a2fed8"
"2026-09-04 02:14:02.434 +05:30","Proc Exec","info","DESKTOP-K3ALL77","Sec",4688,199,"Cmdline: ¦ Proc: C:\Windows\System32\lsass.exe ¦ PID: 652 ¦ User: - ¦ LID: 0x3e7","MandatoryLabel: SYSTEM_INTEGRITY ¦ ParentProcessName: C:\Windows\System32\wininit.exe ¦ ProcessId: 516 ¦ SubjectUserSid: S-1-5-18 ¦ TargetLogonId: 0x0 ¦ TargetUserSid: S-1-0-0 ¦ TokenElevationType: FULL_TOKEN","ac933178-c222-430d-8dcf-17b4f3a2fed8"
"2026-09-03 13:56:56.909 +05:30","Logoff","info","DESKTOP-K3ALL77","Sec",4634,626,"User: Hayabusa ¦ LID: 0x1d6848 ¦ Type: 2","TargetDomainName: DESKTOP-K3ALL77 ¦ TargetUserSid: S-1-5-21-859847384-699219563-2241857789-1001","7309e070-56b9-408b-a2f4-f1840f8f1ebf"
"2026-09-03 13:56:56.909 +05:30","Logoff","info","DESKTOP-K3ALL77","Sec",4634,627,"User: Hayabusa ¦ LID: 0x1d682a ¦ Type: 2","TargetDomainName: DESKTOP-K3ALL77 ¦ TargetUserSid: S-1-5-21-859847384-699219563-2241857789-1001","7309e070-56b9-408b-a2f4-f1840f8f1ebf"
"2026-09-03 13:56:56.925 +05:30","Logoff (User Initiated)","info","DESKTOP-K3ALL77","Sec",4647,628,"User: defaultuser0 ¦ LID: 0x3f3f4","TargetDomainName: DESKTOP-K3ALL77 ¦ TargetUserSid: S-1-5-21-859847384-699219563-2241857789-1000","6bad16f1-02c4-4075-b414-3cd16944bc65"
"2026-09-04 02:09:21.438 +05:30","Logon (System) - Bootup","info","WIN-CPGOV99NT8H","Sec",4624,16,"Type: 0 - SYSTEM ¦ TgtUser: SYSTEM ¦ SrcComp: - ¦ SrcIP: - ¦ LID: 0x3e7","ElevatedToken: YES ¦ KeyLength: 0 ¦ LogonGuid: 00000000-0000-0000-0000-000000000000 ¦ ProcessId: 4 ¦ ProcessName: ¦ SubjectLogonId: 0x0 ¦ SubjectUserSid: S-1-0-0 ¦ TargetDomainName: NT AUTHORITY ¦ TargetLinkedLogonId: 0x0 ¦ TargetUserSid: S-1-5-18 ¦ VirtualAccount: NO","9fa273cc-bcb2-4789-85e3-14ca253ac7f4"
"2026-09-04 02:14:02.594 +05:30","Logon (System) - Bootup","info","DESKTOP-K3ALL77","Sec",4624,201,"Type: 0 - SYSTEM ¦ TgtUser: SYSTEM ¦ SrcComp: - ¦ SrcIP: - ¦ LID: 0x3e7","ElevatedToken: YES ¦ KeyLength: 0 ¦ LogonGuid: 00000000-0000-0000-0000-000000000000 ¦ ProcessId: 4 ¦ ProcessName: ¦ SubjectLogonId: 0x0 ¦ SubjectUserSid: S-1-0-0 ¦ TargetDomainName: NT AUTHORITY ¦ TargetLinkedLogonId: 0x0 ¦ TargetUserSid: S-1-5-18 ¦ VirtualAccount: NO","9fa273cc-bcb2-4789-85e3-14ca253ac7f4"
"2026-09-04 02:14:41.499 +05:30","Logon (Interactive) *Creds in memory*","info","DESKTOP-K3ALL77","Sec",4624,379,"Type: 2 - INTERACTIVE ¦ TgtUser: defaultuser0 ¦ SrcComp: WIN-CPGOV99NT8H ¦ SrcIP: 127.0.0.1 ¦ LID: 0x3f3d7","AuthenticationPackageName: Negotiate ¦ ElevatedToken: YES ¦ ImpersonationLevel: IMPERSONATION ¦ IpPort: 0 ¦ KeyLength: 0 ¦ LmPackageName: - ¦ LogonGuid: 00000000-0000-0000-0000-000000000000 ¦ LogonProcessName: User32 ¦ ProcessId: 2220 ¦ ProcessName: C:\Windows\System32\svchost.exe ¦ RestrictedAdminMode: - ¦ SubjectDomainName: WORKGROUP ¦ SubjectLogonId: 0x3e7 ¦ SubjectUserName: WIN-CPGOV99NT8H$ ¦ SubjectUserSid: S-1-5-18 ¦ TargetDomainName: DESKTOP-K3ALL77 ¦ TargetLinkedLogonId: 0x3f3f4 ¦ TargetOutboundDomainName: - ¦ TargetOutboundUserName: - ¦ TargetUserSid: S-1-5-21-859847384-699219563-2241857789-1000 ¦ TransmittedServices: - ¦ VirtualAccount: NO","7beb4832-f357-47a4-afd8-803d69a5c85c"
"2026-09-04 02:14:41.499 +05:30","Logon (Interactive) *Creds in memory*","info","DESKTOP-K3ALL77","Sec",4624,380,"Type: 2 - INTERACTIVE ¦ TgtUser: defaultuser0 ¦ SrcComp: WIN-CPGOV99NT8H ¦ SrcIP: 127.0.0.1 ¦ LID: 0x3f3f4","AuthenticationPackageName: Negotiate ¦ ElevatedToken: NO ¦ ImpersonationLevel: IMPERSONATION ¦ IpPort: 0 ¦ KeyLength: 0 ¦ LmPackageName: - ¦ LogonGuid: 00000000-0000-0000-0000-000000000000 ¦ LogonProcessName: User32 ¦ ProcessId: 2220 ¦ ProcessName: C:\Windows\System32\svchost.exe ¦ RestrictedAdminMode: - ¦ SubjectDomainName: WORKGROUP ¦ SubjectLogonId: 0x3e7 ¦ SubjectUserName: WIN-CPGOV99NT8H$ ¦ SubjectUserSid: S-1-5-18 ¦ TargetDomainName: DESKTOP-K3ALL77 ¦ TargetLinkedLogonId: 0x3f3d7 ¦ TargetOutboundDomainName: - ¦ TargetOutboundUserName: - ¦ TargetUserSid: S-1-5-21-859847384-699219563-2241857789-1000 ¦ TransmittedServices: - ¦ VirtualAccount: NO","7beb4832-f357-47a4-afd8-803d69a5c85c"
"2026-09-03 13:56:58.514 +05:30","Logon (Interactive) *Creds in memory*","info","DESKTOP-K3ALL77","Sec",4624,646,"Type: 2 - INTERACTIVE ¦ TgtUser: Hayabusa ¦ SrcComp: WIN-CPGOV99NT8H ¦ SrcIP: 127.0.0.1 ¦ LID: 0x1f43ed","AuthenticationPackageName: Negotiate ¦ ElevatedToken: YES ¦ ImpersonationLevel: IMPERSONATION ¦ IpPort: 0 ¦ KeyLength: 0 ¦ LmPackageName: - ¦ LogonGuid: 00000000-0000-0000-0000-000000000000 ¦ LogonProcessName: User32 ¦ ProcessId: 2220 ¦ ProcessName: C:\Windows\System32\svchost.exe ¦ RestrictedAdminMode: - ¦ SubjectDomainName: WORKGROUP ¦ SubjectLogonId: 0x3e7 ¦ SubjectUserName: WIN-CPGOV99NT8H$ ¦ SubjectUserSid: S-1-5-18 ¦ TargetDomainName: DESKTOP-K3ALL77 ¦ TargetLinkedLogonId: 0x1f4410 ¦ TargetOutboundDomainName: - ¦ TargetOutboundUserName: - ¦ TargetUserSid: S-1-5-21-859847384-699219563-2241857789-1001 ¦ TransmittedServices: - ¦ VirtualAccount: NO","7beb4832-f357-47a4-afd8-803d69a5c85c"
"2026-09-03 13:56:58.514 +05:30","Logon (Interactive) *Creds in memory*","info","DESKTOP-K3ALL77","Sec",4624,647,"Type: 2 - INTERACTIVE ¦ TgtUser: Hayabusa ¦ SrcComp: WIN-CPGOV99NT8H ¦ SrcIP: 127.0.0.1 ¦ LID: 0x1f4410","AuthenticationPackageName: Negotiate ¦ ElevatedToken: NO ¦ ImpersonationLevel: IMPERSONATION ¦ IpPort: 0 ¦ KeyLength: 0 ¦ LmPackageName: - ¦ LogonGuid: 00000000-0000-0000-0000-000000000000 ¦ LogonProcessName: User32 ¦ ProcessId: 2220 ¦ ProcessName: C:\Windows\System32\svchost.exe ¦ RestrictedAdminMode: - ¦ SubjectDomainName: WORKGROUP ¦ SubjectLogonId: 0x3e7 ¦ SubjectUserName: WIN-CPGOV99NT8H$ ¦ SubjectUserSid: S-1-5-18 ¦ TargetDomainName: DESKTOP-K3ALL77 ¦ TargetLinkedLogonId: 0x1f43ed ¦ TargetOutboundDomainName: - ¦ TargetOutboundUserName: - ¦ TargetUserSid: S-1-5-21-859847384-699219563-2241857789-1001 ¦ TransmittedServices: - ¦ VirtualAccount: NO","7beb4832-f357-47a4-afd8-803d69a5c85c"
"2026-09-03 13:54:56.753 +05:30","Explicit Logon Attempt","info","DESKTOP-K3ALL77","Sec",4648,582,"TgtUser: Hayabusa ¦ SrcUser: defaultuser0 ¦ SrcIP: - ¦ Proc: C:\Windows\System32\CloudExperienceHostBroker.exe ¦ TgtSvr: localhost","LogonGuid: 00000000-0000-0000-0000-000000000000 ¦ ProcessId: 0x1138 ¦ SubjectDomainName: DESKTOP-K3ALL77 ¦ SubjectLogonId: 0x3f3f4 ¦ SubjectUserSid: S-1-5-21-859847384-699219563-2241857789-1000 ¦ TargetDomainName: DESKTOP-K3ALL77 ¦ TargetLogonGuid: 00000000-0000-0000-0000-000000000000","8c1899fe-493d-4faf-aae1-0853a33a3278"
"2026-09-04 02:14:12.102 +05:30","Admin Logon","info","DESKTOP-K3ALL77","Sec",4672,245,"TgtUser: defaultuser0 ¦ LID: 0x13d03","PrivilegeList: SeSecurityPrivilege SeTakeOwnershipPrivilege SeLoadDriverPrivilege SeBackupPrivilege SeRestorePrivilege SeDebugPrivilege SeSystemEnvironmentPrivilege SeImpersonatePrivilege SeDelegateSessionUserImpersonatePrivilege ¦ SubjectDomainName: DESKTOP-K3ALL77 ¦ SubjectUserSid: S-1-5-21-859847384-699219563-2241857789-1000","fdd0b325-8b89-469c-8b0c-e5ddfe39b62e"
"2026-09-04 02:14:41.499 +05:30","Admin Logon","info","DESKTOP-K3ALL77","Sec",4672,381,"TgtUser: defaultuser0 ¦ LID: 0x3f3d7","PrivilegeList: SeSecurityPrivilege SeTakeOwnershipPrivilege SeLoadDriverPrivilege SeBackupPrivilege SeRestorePrivilege SeDebugPrivilege SeSystemEnvironmentPrivilege SeImpersonatePrivilege SeDelegateSessionUserImpersonatePrivilege ¦ SubjectDomainName: DESKTOP-K3ALL77 ¦ SubjectUserSid: S-1-5-21-859847384-699219563-2241857789-1000","fdd0b325-8b89-469c-8b0c-e5ddfe39b62e"
"2026-09-03 13:54:56.753 +05:30","Admin Logon","info","DESKTOP-K3ALL77","Sec",4672,585,"TgtUser: Hayabusa ¦ LID: 0x1d682a","PrivilegeList: SeSecurityPrivilege SeTakeOwnershipPrivilege SeLoadDriverPrivilege SeBackupPrivilege SeRestorePrivilege SeDebugPrivilege SeSystemEnvironmentPrivilege SeImpersonatePrivilege SeDelegateSessionUserImpersonatePrivilege ¦ SubjectDomainName: DESKTOP-K3ALL77 ¦ SubjectUserSid: S-1-5-21-859847384-699219563-2241857789-1001","fdd0b325-8b89-469c-8b0c-e5ddfe39b62e"
"2026-09-03 13:56:58.514 +05:30","Admin Logon","info","DESKTOP-K3ALL77","Sec",4672,648,"TgtUser: Hayabusa ¦ LID: 0x1f43ed","PrivilegeList: SeSecurityPrivilege SeTakeOwnershipPrivilege SeLoadDriverPrivilege SeBackupPrivilege SeRestorePrivilege SeDebugPrivilege SeSystemEnvironmentPrivilege SeImpersonatePrivilege SeDelegateSessionUserImpersonatePrivilege ¦ SubjectDomainName: DESKTOP-K3ALL77 ¦ SubjectUserSid: S-1-5-21-859847384-699219563-2241857789-1001","fdd0b325-8b89-469c-8b0c-e5ddfe39b62e"
"2026-09-04 02:09:22.856 +05:30","A Member Was Added to a Security-Enabled Global Group","low","WIN-CPGOV99NT8H","Sec",4728,42,"SrcSID: S-1-5-21-859847384-699219563-2241857789-504 ¦ TgtGrp: None ¦ LID: 0x3e7","MemberName: - ¦ PrivilegeList: - ¦ SubjectDomainName: ¦ SubjectUserName: MINWINPC$ ¦ SubjectUserSid: S-1-5-18 ¦ TargetDomainName: MINWINPC ¦ TargetSid: S-1-5-21-859847384-699219563-2241857789-513","26767093-828c-2f39-bdd8-d0439e87307c"
"2026-09-04 02:14:11.701 +05:30","A Member Was Added to a Security-Enabled Global Group","low","DESKTOP-K3ALL77","Sec",4728,228,"SrcSID: S-1-5-21-859847384-699219563-2241857789-1000 ¦ TgtGrp: None ¦ LID: 0x3e7","MemberName: - ¦ PrivilegeList: - ¦ SubjectDomainName: WORKGROUP ¦ SubjectUserName: WIN-CPGOV99NT8H$ ¦ SubjectUserSid: S-1-5-18 ¦ TargetDomainName: DESKTOP-K3ALL77 ¦ TargetSid: S-1-5-21-859847384-699219563-2241857789-513","26767093-828c-2f39-bdd8-d0439e87307c"
"2026-09-03 13:54:55.973 +05:30","A Member Was Added to a Security-Enabled Global Group","low","DESKTOP-K3ALL77","Sec",4728,561,"SrcSID: S-1-5-21-859847384-699219563-2241857789-1001 ¦ TgtGrp: None ¦ LID: 0x3e7","MemberName: - ¦ PrivilegeList: - ¦ SubjectDomainName: WORKGROUP ¦ SubjectUserName: WIN-CPGOV99NT8H$ ¦ SubjectUserSid: S-1-5-18 ¦ TargetDomainName: DESKTOP-K3ALL77 ¦ TargetSid: S-1-5-21-859847384-699219563-2241857789-513","26767093-828c-2f39-bdd8-d0439e87307c"
"2026-09-03 14:14:37.312 +05:30","A Member Was Removed From a Security-Enabled Global Group","low","DESKTOP-K3ALL77","Sec",4729,835,"MemberName: - ¦ MemberSid: S-1-5-21-859847384-699219563-2241857789-1000 ¦ PrivilegeList: - ¦ SubjectDomainName: DESKTOP-K3ALL77 ¦ SubjectLogonId: 0x1f43ed ¦ SubjectUserName: Hayabusa ¦ SubjectUserSid: S-1-5-21-859847384-699219563-2241857789-1001 ¦ TargetDomainName: DESKTOP-K3ALL77 ¦ TargetSid: S-1-5-21-859847384-699219563-2241857789-513 ¦ TargetUserName: None","-","6e0f860b-3678-7396-a4a3-7cf55f7bb01c"
"2026-09-03 18:16:34.301 +05:30","Credential Manager Enumerated","low","DESKTOP-K3ALL77","Sec",5379,1017,"PID: 4144 ¦ SrcUser: Hayabusa ¦ Tgt: WindowsLive:target=virtualapp/didlogical ¦ CredsReturned: 1 ¦ ReturnCode: 0 ¦ LID: 0x1f4410 ¦ SrcSID: S-1-5-21-859847384-699219563-2241857789-1001","ProcessCreationTime: 2026-09-03T12:46:33.940518Z ¦ ReadOperation: %%8100 ¦ SubjectDomainName: DESKTOP-K3ALL77","d8e3afc5-fa0a-4063-a4af-55e014eb1936"
"2026-09-04 11:54:51.311 +05:30","Credential Manager Enumerated","low","DESKTOP-K3ALL77","Sec",5379,1132,"PID: 4080 ¦ SrcUser: Hayabusa ¦ Tgt: WindowsLive:target=virtualapp/didlogical ¦ CredsReturned: 1 ¦ ReturnCode: 0 ¦ LID: 0x3c5f6 ¦ SrcSID: S-1-5-21-859847384-699219563-2241857789-1001","ProcessCreationTime: 2026-09-04T06:24:49.579966Z ¦ ReadOperation: %%8100 ¦ SubjectDomainName: DESKTOP-K3ALL77","d8e3afc5-fa0a-4063-a4af-55e014eb1936"
"2026-09-04 12:02:05.230 +05:30","Credential Manager Enumerated","low","DESKTOP-K3ALL77","Sec",5379,1223,"PID: 1560 ¦ SrcUser: Hayabusa ¦ Tgt: WindowsLive:target=virtualapp/didlogical ¦ CredsReturned: 1 ¦ ReturnCode: 0 ¦ LID: 0x3c5f6 ¦ SrcSID: S-1-5-21-859847384-699219563-2241857789-1001","ProcessCreationTime: 2026-09-04T06:32:04.460585Z ¦ ReadOperation: %%8100 ¦ SubjectDomainName: DESKTOP-K3ALL77","d8e3afc5-fa0a-4063-a4af-55e014eb1936"
"2026-09-04 11:54:15.245 +05:30","Proc Exec","info","DESKTOP-K3ALL77","Sec",4688,1031,"Cmdline: ¦ Proc: Registry ¦ PID: 92 ¦ User: - ¦ LID: 0x3e7","MandatoryLabel: SYSTEM_INTEGRITY ¦ ProcessId: 4 ¦ SubjectUserSid: S-1-5-18 ¦ TargetLogonId: 0x0 ¦ TargetUserSid: S-1-0-0 ¦ TokenElevationType: FULL_TOKEN","ac933178-c222-430d-8dcf-17b4f3a2fed8"
"2026-09-04 11:54:15.262 +05:30","Proc Exec","info","DESKTOP-K3ALL77","Sec",4688,1034,"Cmdline: ¦ Proc: C:\Windows\System32\smss.exe ¦ PID: 324 ¦ User: - ¦ LID: 0x3e7","MandatoryLabel: SYSTEM_INTEGRITY ¦ ProcessId: 4 ¦ SubjectUserSid: S-1-5-18 ¦ TargetLogonId: 0x0 ¦ TargetUserSid: S-1-0-0 ¦ TokenElevationType: FULL_TOKEN","ac933178-c222-430d-8dcf-17b4f3a2fed8"
"2026-09-04 11:54:22.948 +05:30","Proc Exec","info","DESKTOP-K3ALL77","Sec",4688,1035,"Cmdline: ¦ Proc: C:\Windows\System32\autochk.exe ¦ PID: 352 ¦ User: - ¦ LID: 0x3e7","MandatoryLabel: SYSTEM_INTEGRITY ¦ ParentProcessName: C:\Windows\System32\smss.exe ¦ ProcessId: 324 ¦ SubjectUserSid: S-1-5-18 ¦ TargetLogonId: 0x0 ¦ TargetUserSid: S-1-0-0 ¦ TokenElevationType: FULL_TOKEN","ac933178-c222-430d-8dcf-17b4f3a2fed8"
"2026-09-04 11:54:24.703 +05:30","Proc Exec","info","DESKTOP-K3ALL77","Sec",4688,1036,"Cmdline: ¦ Proc: C:\Windows\System32\smss.exe ¦ PID: 408 ¦ User: - ¦ LID: 0x3e7","MandatoryLabel: SYSTEM_INTEGRITY ¦ ProcessId: 324 ¦ SubjectUserSid: S-1-5-18 ¦ TargetLogonId: 0x0 ¦ TargetUserSid: S-1-0-0 ¦ TokenElevationType: FULL_TOKEN","ac933178-c222-430d-8dcf-17b4f3a2fed8"
"2026-09-04 11:54:25.019 +05:30","Proc Exec","info","DESKTOP-K3ALL77","Sec",4688,1037,"Cmdline: ¦ Proc: C:\Windows\System32\csrss.exe ¦ PID: 420 ¦ User: - ¦ LID: 0x3e7","MandatoryLabel: SYSTEM_INTEGRITY ¦ ParentProcessName: C:\Windows\System32\smss.exe ¦ ProcessId: 408 ¦ SubjectUserSid: S-1-5-18 ¦ TargetLogonId: 0x0 ¦ TargetUserSid: S-1-0-0 ¦ TokenElevationType: FULL_TOKEN","ac933178-c222-430d-8dcf-17b4f3a2fed8"
"2026-09-04 11:54:26.322 +05:30","Proc Exec","info","DESKTOP-K3ALL77","Sec",4688,1038,"Cmdline: ¦ Proc: C:\Windows\System32\smss.exe ¦ PID: 488 ¦ User: - ¦ LID: 0x3e7","MandatoryLabel: SYSTEM_INTEGRITY ¦ ProcessId: 324 ¦ SubjectUserSid: S-1-5-18 ¦ TargetLogonId: 0x0 ¦ TargetUserSid: S-1-0-0 ¦ TokenElevationType: FULL_TOKEN","ac933178-c222-430d-8dcf-17b4f3a2fed8"
"2026-09-04 11:54:26.390 +05:30","Proc Exec","info","DESKTOP-K3ALL77","Sec",4688,1039,"Cmdline: ¦ Proc: C:\Windows\System32\wininit.exe ¦ PID: 496 ¦ User: - ¦ LID: 0x3e7","MandatoryLabel: SYSTEM_INTEGRITY ¦ ParentProcessName: C:\Windows\System32\smss.exe ¦ ProcessId: 408 ¦ SubjectUserSid: S-1-5-18 ¦ TargetLogonId: 0x0 ¦ TargetUserSid: S-1-0-0 ¦ TokenElevationType: FULL_TOKEN","ac933178-c222-430d-8dcf-17b4f3a2fed8"
"2026-09-04 11:54:26.410 +05:30","Proc Exec","info","DESKTOP-K3ALL77","Sec",4688,1040,"Cmdline: ¦ Proc: C:\Windows\System32\csrss.exe ¦ PID: 504 ¦ User: - ¦ LID: 0x3e7","MandatoryLabel: SYSTEM_INTEGRITY ¦ ParentProcessName: C:\Windows\System32\smss.exe ¦ ProcessId: 488 ¦ SubjectUserSid: S-1-5-18 ¦ TargetLogonId: 0x0 ¦ TargetUserSid: S-1-0-0 ¦ TokenElevationType: FULL_TOKEN","ac933178-c222-430d-8dcf-17b4f3a2fed8"
"2026-09-04 11:54:26.700 +05:30","Proc Exec","info","DESKTOP-K3ALL77","Sec",4688,1041,"Cmdline: ¦ Proc: C:\Windows\System32\winlogon.exe ¦ PID: 564 ¦ User: - ¦ LID: 0x3e7","MandatoryLabel: SYSTEM_INTEGRITY ¦ ParentProcessName: C:\Windows\System32\smss.exe ¦ ProcessId: 488 ¦ SubjectUserSid: S-1-5-18 ¦ TargetLogonId: 0x0 ¦ TargetUserSid: S-1-0-0 ¦ TokenElevationType: FULL_TOKEN","ac933178-c222-430d-8dcf-17b4f3a2fed8"
"2026-09-04 11:54:27.321 +05:30","Proc Exec","info","DESKTOP-K3ALL77","Sec",4688,1042,"Cmdline: ¦ Proc: C:\Windows\System32\services.exe ¦ PID: 632 ¦ User: - ¦ LID: 0x3e7","MandatoryLabel: SYSTEM_INTEGRITY ¦ ParentProcessName: C:\Windows\System32\wininit.exe ¦ ProcessId: 496 ¦ SubjectUserSid: S-1-5-18 ¦ TargetLogonId: 0x0 ¦ TargetUserSid: S-1-0-0 ¦ TokenElevationType: FULL_TOKEN","ac933178-c222-430d-8dcf-17b4f3a2fed8"
"2026-09-04 11:54:27.498 +05:30","Proc Exec","info","DESKTOP-K3ALL77","Sec",4688,1043,"Cmdline: ¦ Proc: C:\Windows\System32\lsass.exe ¦ PID: 652 ¦ User: - ¦ LID: 0x3e7","MandatoryLabel: SYSTEM_INTEGRITY ¦ ParentProcessName: C:\Windows\System32\wininit.exe ¦ ProcessId: 496 ¦ SubjectUserSid: S-1-5-18 ¦ TargetLogonId: 0x0 ¦ TargetUserSid: S-1-0-0 ¦ TokenElevationType: FULL_TOKEN","ac933178-c222-430d-8dcf-17b4f3a2fed8"
"2026-09-04 11:54:27.684 +05:30","Logon (System) - Bootup","info","DESKTOP-K3ALL77","Sec",4624,1045,"Type: 0 - SYSTEM ¦ TgtUser: SYSTEM ¦ SrcComp: - ¦ SrcIP: - ¦ LID: 0x3e7","ElevatedToken: YES ¦ KeyLength: 0 ¦ LogonGuid: 00000000-0000-0000-0000-000000000000 ¦ ProcessId: 4 ¦ ProcessName: ¦ SubjectLogonId: 0x0 ¦ SubjectUserSid: S-1-0-0 ¦ TargetDomainName: NT AUTHORITY ¦ TargetLinkedLogonId: 0x0 ¦ TargetUserSid: S-1-5-18 ¦ VirtualAccount: NO","9fa273cc-bcb2-4789-85e3-14ca253ac7f4"
"2026-09-04 11:54:50.581 +05:30","Logon (Interactive) *Creds in memory*","info","DESKTOP-K3ALL77","Sec",4624,1126,"Type: 2 - INTERACTIVE ¦ TgtUser: Hayabusa ¦ SrcComp: DESKTOP-K3ALL77 ¦ SrcIP: 127.0.0.1 ¦ LID: 0x3c5d6","AuthenticationPackageName: Negotiate ¦ ElevatedToken: YES ¦ ImpersonationLevel: IMPERSONATION ¦ IpPort: 0 ¦ KeyLength: 0 ¦ LmPackageName: - ¦ LogonGuid: 00000000-0000-0000-0000-000000000000 ¦ LogonProcessName: User32 ¦ ProcessId: 1360 ¦ ProcessName: C:\Windows\System32\svchost.exe ¦ RestrictedAdminMode: - ¦ SubjectDomainName: WORKGROUP ¦ SubjectLogonId: 0x3e7 ¦ SubjectUserName: DESKTOP-K3ALL77$ ¦ SubjectUserSid: S-1-5-18 ¦ TargetLinkedLogonId: 0x3c5f6 ¦ TargetOutboundDomainName: - ¦ TargetOutboundUserName: - ¦ TargetUserSid: S-1-5-21-859847384-699219563-2241857789-1001 ¦ TransmittedServices: - ¦ VirtualAccount: NO","7beb4832-f357-47a4-afd8-803d69a5c85c"
"2026-09-04 11:54:50.581 +05:30","Logon (Interactive) *Creds in memory*","info","DESKTOP-K3ALL77","Sec",4624,1127,"Type: 2 - INTERACTIVE ¦ TgtUser: Hayabusa ¦ SrcComp: DESKTOP-K3ALL77 ¦ SrcIP: 127.0.0.1 ¦ LID: 0x3c5f6","AuthenticationPackageName: Negotiate ¦ ElevatedToken: NO ¦ ImpersonationLevel: IMPERSONATION ¦ IpPort: 0 ¦ KeyLength: 0 ¦ LmPackageName: - ¦ LogonGuid: 00000000-0000-0000-0000-000000000000 ¦ LogonProcessName: User32 ¦ ProcessId: 1360 ¦ ProcessName: C:\Windows\System32\svchost.exe ¦ RestrictedAdminMode: - ¦ SubjectDomainName: WORKGROUP ¦ SubjectLogonId: 0x3e7 ¦ SubjectUserName: DESKTOP-K3ALL77$ ¦ SubjectUserSid: S-1-5-18 ¦ TargetLinkedLogonId: 0x3c5d6 ¦ TargetOutboundDomainName: - ¦ TargetOutboundUserName: - ¦ TargetUserSid: S-1-5-21-859847384-699219563-2241857789-1001 ¦ TransmittedServices: - ¦ VirtualAccount: NO","7beb4832-f357-47a4-afd8-803d69a5c85c"
"2026-09-04 11:54:50.581 +05:30","Admin Logon","info","DESKTOP-K3ALL77","Sec",4672,1128,"TgtUser: Hayabusa ¦ LID: 0x3c5d6","PrivilegeList: SeSecurityPrivilege SeTakeOwnershipPrivilege SeLoadDriverPrivilege SeBackupPrivilege SeRestorePrivilege SeDebugPrivilege SeSystemEnvironmentPrivilege SeImpersonatePrivilege SeDelegateSessionUserImpersonatePrivilege ¦ SubjectDomainName: DESKTOP-K3ALL77 ¦ SubjectUserSid: S-1-5-21-859847384-699219563-2241857789-1001","fdd0b325-8b89-469c-8b0c-e5ddfe39b62e"
